name;nodes;edges;edge_percentage;algorithm;k;independent_k;result;solution;elapsed_time
graph_4_0.5.gml;4;3;0.5;brute_force;0.125;0;True;-1;0.0
graph_4_0.5.gml;4;3;0.5;brute_force;0.25;1;True;(11, 68);0.0
graph_4_0.5.gml;4;3;0.5;brute_force;0.5;2;True;(11, 68):(99, 95);0.0
graph_4_0.5.gml;4;3;0.5;brute_force;0.75;3;False;-1;0.0
graph_4_0.25.gml;4;1;0.25;brute_force;0.125;0;True;-1;0.0
graph_4_0.25.gml;4;1;0.25;brute_force;0.25;1;True;(11, 68);0.0
graph_4_0.25.gml;4;1;0.25;brute_force;0.5;2;True;(11, 68):(99, 95);0.0
graph_4_0.25.gml;4;1;0.25;brute_force;0.75;3;True;(11, 68):(99, 95):(30, 2);0.0
graph_4_0.75.gml;4;4;0.75;brute_force;0.125;0;True;-1;0.0
graph_4_0.75.gml;4;4;0.75;brute_force;0.25;1;True;(11, 68);0.0
graph_4_0.75.gml;4;4;0.75;brute_force;0.5;2;True;(11, 68):(30, 2);0.0
graph_4_0.75.gml;4;4;0.75;brute_force;0.75;3;False;-1;0.0
graph_4_0.125.gml;4;0;0.125;brute_force;0.125;0;True;-1;0.0
graph_4_0.125.gml;4;0;0.125;brute_force;0.25;1;True;(11, 68);0.0
graph_4_0.125.gml;4;0;0.125;brute_force;0.5;2;True;(11, 68):(100, 6);0.0
graph_4_0.125.gml;4;0;0.125;brute_force;0.75;3;True;(11, 68):(99, 95):(100, 6);0.0
graph_5_0.5.gml;5;5;0.5;brute_force;0.125;0;True;-1;0.0
graph_5_0.5.gml;5;5;0.5;brute_force;0.25;1;True;(11, 68);0.0
graph_5_0.5.gml;5;5;0.5;brute_force;0.5;2;True;(11, 68):(100, 6);0.0
graph_5_0.5.gml;5;5;0.5;brute_force;0.75;3;False;-1;0.0
graph_5_0.25.gml;5;2;0.25;brute_force;0.125;0;True;-1;0.0
graph_5_0.25.gml;5;2;0.25;brute_force;0.25;1;True;(11, 68);0.0
graph_5_0.25.gml;5;2;0.25;brute_force;0.5;2;True;(11, 68):(100, 6);0.0
graph_5_0.25.gml;5;2;0.25;brute_force;0.75;3;True;(11, 68):(99, 95):(100, 6);0.0
graph_5_0.75.gml;5;7;0.75;brute_force;0.125;0;True;-1;0.0
graph_5_0.75.gml;5;7;0.75;brute_force;0.25;1;True;(11, 68);0.0
graph_5_0.75.gml;5;7;0.75;brute_force;0.5;2;True;(99, 95):(100, 6);0.0
graph_5_0.75.gml;5;7;0.75;brute_force;0.75;3;False;-1;0.0
graph_5_0.125.gml;5;1;0.125;brute_force;0.125;0;True;-1;0.0
graph_5_0.125.gml;5;1;0.125;brute_force;0.25;1;True;(11, 68);0.0
graph_5_0.125.gml;5;1;0.125;brute_force;0.5;2;True;(11, 68):(100, 6);0.0
graph_5_0.125.gml;5;1;0.125;brute_force;0.75;3;True;(11, 68):(99, 95):(100, 6);0.0009999275207519531
graph_6_0.5.gml;6;7;0.5;brute_force;0.125;0;True;-1;0.0
graph_6_0.5.gml;6;7;0.5;brute_force;0.25;1;True;(11, 68);0.0010004043579101562
graph_6_0.5.gml;6;7;0.5;brute_force;0.5;3;True;(63, 50):(99, 95):(100, 6);0.0
graph_6_0.5.gml;6;7;0.5;brute_force;0.75;4;True;(63, 50):(99, 95):(51, 100):(100, 6);0.0010001659393310547
graph_6_0.25.gml;6;3;0.25;brute_force;0.125;0;True;-1;0.0
graph_6_0.25.gml;6;3;0.25;brute_force;0.25;1;True;(11, 68);0.0
graph_6_0.25.gml;6;3;0.25;brute_force;0.5;3;True;(11, 68):(63, 50):(100, 6);0.0
graph_6_0.25.gml;6;3;0.25;brute_force;0.75;4;True;(63, 50):(99, 95):(51, 100):(100, 6);0.0
graph_6_0.75.gml;6;11;0.75;brute_force;0.125;0;True;-1;0.0
graph_6_0.75.gml;6;11;0.75;brute_force;0.25;1;True;(11, 68);0.0
graph_6_0.75.gml;6;11;0.75;brute_force;0.5;3;True;(99, 95):(51, 100):(100, 6);0.0
graph_6_0.75.gml;6;11;0.75;brute_force;0.75;4;False;-1;0.0
graph_6_0.125.gml;6;1;0.125;brute_force;0.125;0;True;-1;0.0
graph_6_0.125.gml;6;1;0.125;brute_force;0.25;1;True;(11, 68);0.0
graph_6_0.125.gml;6;1;0.125;brute_force;0.5;3;True;(11, 68):(30, 2):(100, 6);0.0
graph_6_0.125.gml;6;1;0.125;brute_force;0.75;4;True;(11, 68):(30, 2):(100, 6):(63, 50);0.0
graph_7_0.5.gml;7;10;0.5;brute_force;0.125;0;True;-1;0.0
graph_7_0.5.gml;7;10;0.5;brute_force;0.25;1;True;(11, 68);0.0
graph_7_0.5.gml;7;10;0.5;brute_force;0.5;3;True;(11, 68):(99, 95):(100, 6);0.0
graph_7_0.5.gml;7;10;0.5;brute_force;0.75;5;False;-1;0.0
graph_7_0.25.gml;7;5;0.25;brute_force;0.125;0;True;-1;0.0
graph_7_0.25.gml;7;5;0.25;brute_force;0.25;1;True;(11, 68);0.0
graph_7_0.25.gml;7;5;0.25;brute_force;0.5;3;True;(11, 68):(99, 95):(100, 6);0.0
graph_7_0.25.gml;7;5;0.25;brute_force;0.75;5;False;-1;0.0
graph_7_0.75.gml;7;15;0.75;brute_force;0.125;0;True;-1;0.0
graph_7_0.75.gml;7;15;0.75;brute_force;0.25;1;True;(11, 68);0.0
graph_7_0.75.gml;7;15;0.75;brute_force;0.5;3;True;(11, 68):(99, 95):(100, 6);0.0
graph_7_0.75.gml;7;15;0.75;brute_force;0.75;5;False;-1;0.0
graph_7_0.125.gml;7;2;0.125;brute_force;0.125;0;True;-1;0.0
graph_7_0.125.gml;7;2;0.125;brute_force;0.25;1;True;(11, 68);0.0
graph_7_0.125.gml;7;2;0.125;brute_force;0.5;3;True;(11, 68):(99, 95):(100, 6);0.0
graph_7_0.125.gml;7;2;0.125;brute_force;0.75;5;True;(11, 68):(100, 6):(51, 100):(99, 95):(30, 2);0.0
graph_8_0.5.gml;8;14;0.5;brute_force;0.125;1;True;(11, 68);0.0
graph_8_0.5.gml;8;14;0.5;brute_force;0.25;2;True;(11, 68):(99, 95);0.0
graph_8_0.5.gml;8;14;0.5;brute_force;0.5;4;True;(11, 68):(99, 95):(51, 100):(1, 29);0.0
graph_8_0.5.gml;8;14;0.5;brute_force;0.75;6;False;-1;0.0
graph_8_0.25.gml;8;7;0.25;brute_force;0.125;1;True;(11, 68);0.0
graph_8_0.25.gml;8;7;0.25;brute_force;0.25;2;True;(11, 68):(100, 6);0.0
graph_8_0.25.gml;8;7;0.25;brute_force;0.5;4;True;(11, 68):(99, 95):(51, 100):(100, 6);0.0
graph_8_0.25.gml;8;7;0.25;brute_force;0.75;6;False;-1;0.0
graph_8_0.75.gml;8;21;0.75;brute_force;0.125;1;True;(11, 68);0.0
graph_8_0.75.gml;8;21;0.75;brute_force;0.25;2;True;(11, 68):(99, 95);0.0
graph_8_0.75.gml;8;21;0.75;brute_force;0.5;4;False;-1;0.0
graph_8_0.75.gml;8;21;0.75;brute_force;0.75;6;False;-1;0.0
graph_8_0.125.gml;8;3;0.125;brute_force;0.125;1;True;(11, 68);0.0
graph_8_0.125.gml;8;3;0.125;brute_force;0.25;2;True;(11, 68):(100, 6);0.0009980201721191406
graph_8_0.125.gml;8;3;0.125;brute_force;0.5;4;True;(11, 68):(99, 95):(100, 6):(30, 2);0.0
graph_8_0.125.gml;8;3;0.125;brute_force;0.75;6;True;(11, 68):(99, 58):(63, 50):(51, 100):(99, 95):(30, 2);0.0009996891021728516
graph_9_0.5.gml;9;18;0.5;brute_force;0.125;1;True;(11, 68);0.0
graph_9_0.5.gml;9;18;0.5;brute_force;0.25;2;True;(11, 68):(99, 95);0.0
graph_9_0.5.gml;9;18;0.5;brute_force;0.5;4;True;(63, 50):(64, 8):(99, 58):(100, 6);0.0
graph_9_0.5.gml;9;18;0.5;brute_force;0.75;6;False;-1;0.0
graph_9_0.25.gml;9;9;0.25;brute_force;0.125;1;True;(11, 68);0.0
graph_9_0.25.gml;9;9;0.25;brute_force;0.25;2;True;(11, 68):(99, 95);0.0
graph_9_0.25.gml;9;9;0.25;brute_force;0.5;4;True;(11, 68):(99, 95):(64, 8):(30, 2);0.0
graph_9_0.25.gml;9;9;0.25;brute_force;0.75;6;False;-1;0.0
graph_9_0.75.gml;9;27;0.75;brute_force;0.125;1;True;(11, 68);0.0
graph_9_0.75.gml;9;27;0.75;brute_force;0.25;2;True;(30, 2):(100, 6);0.0
graph_9_0.75.gml;9;27;0.75;brute_force;0.5;4;False;-1;0.0
graph_9_0.75.gml;9;27;0.75;brute_force;0.75;6;False;-1;0.0
graph_9_0.125.gml;9;4;0.125;brute_force;0.125;1;True;(11, 68);0.0
graph_9_0.125.gml;9;4;0.125;brute_force;0.25;2;True;(11, 68):(99, 95);0.0
graph_9_0.125.gml;9;4;0.125;brute_force;0.5;4;True;(11, 68):(99, 95):(51, 100):(30, 2);0.0
graph_9_0.125.gml;9;4;0.125;brute_force;0.75;6;True;(99, 58):(1, 29):(100, 6):(51, 100):(99, 95):(30, 2);0.0
graph_10_0.5.gml;10;22;0.5;brute_force;0.125;1;True;(11, 68);0.0
graph_10_0.5.gml;10;22;0.5;brute_force;0.25;2;True;(11, 68):(99, 95);0.0
graph_10_0.5.gml;10;22;0.5;brute_force;0.5;5;False;-1;0.0009999275207519531
graph_10_0.5.gml;10;22;0.5;brute_force;0.75;7;False;-1;0.0
graph_10_0.25.gml;10;11;0.25;brute_force;0.125;1;True;(11, 68);0.0
graph_10_0.25.gml;10;11;0.25;brute_force;0.25;2;True;(11, 68):(99, 95);0.0
graph_10_0.25.gml;10;11;0.25;brute_force;0.5;5;True;(1, 29):(100, 6):(63, 50):(51, 100):(99, 95);0.0
graph_10_0.25.gml;10;11;0.25;brute_force;0.75;7;False;-1;0.0
graph_10_0.75.gml;10;33;0.75;brute_force;0.125;1;True;(11, 68);0.0
graph_10_0.75.gml;10;33;0.75;brute_force;0.25;2;True;(11, 68):(99, 95);0.0
graph_10_0.75.gml;10;33;0.75;brute_force;0.5;5;False;-1;0.0
graph_10_0.75.gml;10;33;0.75;brute_force;0.75;7;False;-1;0.00099945068359375
graph_10_0.125.gml;10;5;0.125;brute_force;0.125;1;True;(11, 68);0.0
graph_10_0.125.gml;10;5;0.125;brute_force;0.25;2;True;(11, 68):(100, 6);0.0
graph_10_0.125.gml;10;5;0.125;brute_force;0.5;5;True;(11, 68):(100, 6):(63, 50):(51, 100):(99, 95);0.0
graph_10_0.125.gml;10;5;0.125;brute_force;0.75;7;True;(11, 68):(99, 58):(1, 29):(100, 6):(63, 50):(51, 100):(99, 95);0.0
graph_11_0.5.gml;11;27;0.5;brute_force;0.125;1;True;(11, 68);0.0
graph_11_0.5.gml;11;27;0.5;brute_force;0.25;2;True;(11, 68):(99, 58);0.0
graph_11_0.5.gml;11;27;0.5;brute_force;0.5;5;False;-1;0.0
graph_11_0.5.gml;11;27;0.5;brute_force;0.75;8;False;-1;0.0010008811950683594
graph_11_0.25.gml;11;13;0.25;brute_force;0.125;1;True;(11, 68);0.0
graph_11_0.25.gml;11;13;0.25;brute_force;0.25;2;True;(11, 68):(99, 95);0.0
graph_11_0.25.gml;11;13;0.25;brute_force;0.5;5;True;(11, 68):(1, 29):(51, 100):(99, 95):(30, 2);0.0
graph_11_0.25.gml;11;13;0.25;brute_force;0.75;8;False;-1;0.0
graph_11_0.75.gml;11;41;0.75;brute_force;0.125;1;True;(11, 68);0.0
graph_11_0.75.gml;11;41;0.75;brute_force;0.25;2;True;(11, 68):(99, 58);0.0009999275207519531
graph_11_0.75.gml;11;41;0.75;brute_force;0.5;5;False;-1;0.0
graph_11_0.75.gml;11;41;0.75;brute_force;0.75;8;False;-1;0.0
graph_11_0.125.gml;11;6;0.125;brute_force;0.125;1;True;(11, 68);0.0009999275207519531
graph_11_0.125.gml;11;6;0.125;brute_force;0.25;2;True;(11, 68):(99, 95);0.0
graph_11_0.125.gml;11;6;0.125;brute_force;0.5;5;True;(11, 68):(63, 50):(51, 100):(99, 95):(30, 2);0.0
graph_11_0.125.gml;11;6;0.125;brute_force;0.75;8;True;(11, 68):(99, 58):(1, 29):(63, 50):(51, 100):(1, 100):(99, 95):(30, 2);0.0
graph_12_0.5.gml;12;33;0.5;brute_force;0.125;1;True;(11, 68);0.0
graph_12_0.5.gml;12;33;0.5;brute_force;0.25;3;True;(11, 68):(63, 50):(100, 6);0.0
graph_12_0.5.gml;12;33;0.5;brute_force;0.5;6;False;-1;0.0
graph_12_0.5.gml;12;33;0.5;brute_force;0.75;9;False;-1;0.0
graph_12_0.25.gml;12;16;0.25;brute_force;0.125;1;True;(11, 68);0.0
graph_12_0.25.gml;12;16;0.25;brute_force;0.25;3;True;(11, 68):(63, 50):(100, 6);0.0
graph_12_0.25.gml;12;16;0.25;brute_force;0.5;6;True;(11, 68):(99, 58):(100, 6):(63, 50):(1, 100):(1, 29);0.0009996891021728516
graph_12_0.25.gml;12;16;0.25;brute_force;0.75;9;False;-1;0.0009999275207519531
graph_12_0.75.gml;12;49;0.75;brute_force;0.125;1;True;(11, 68);0.0
graph_12_0.75.gml;12;49;0.75;brute_force;0.25;3;True;(63, 50):(1, 29):(99, 58);0.0
graph_12_0.75.gml;12;49;0.75;brute_force;0.5;6;False;-1;0.001001119613647461
graph_12_0.75.gml;12;49;0.75;brute_force;0.75;9;False;-1;0.0009992122650146484
graph_12_0.125.gml;12;8;0.125;brute_force;0.125;1;True;(11, 68);0.0
graph_12_0.125.gml;12;8;0.125;brute_force;0.25;3;True;(11, 68):(99, 95):(100, 6);0.0
graph_12_0.125.gml;12;8;0.125;brute_force;0.5;6;True;(11, 68):(1, 29):(100, 6):(63, 50):(51, 100):(99, 95);0.00099945068359375
graph_12_0.125.gml;12;8;0.125;brute_force;0.75;9;False;-1;0.0009996891021728516
graph_13_0.5.gml;13;39;0.5;brute_force;0.125;1;True;(11, 68);0.0
graph_13_0.5.gml;13;39;0.5;brute_force;0.25;3;True;(11, 68):(99, 95):(30, 2);0.0
graph_13_0.5.gml;13;39;0.5;brute_force;0.5;6;False;-1;0.0009996891021728516
graph_13_0.5.gml;13;39;0.5;brute_force;0.75;9;False;-1;0.0
graph_13_0.25.gml;13;19;0.25;brute_force;0.125;1;True;(11, 68);0.0
graph_13_0.25.gml;13;19;0.25;brute_force;0.25;3;True;(11, 68):(99, 95):(30, 2);0.0
graph_13_0.25.gml;13;19;0.25;brute_force;0.5;6;True;(11, 68):(51, 100):(33, 37):(99, 95):(64, 8):(30, 2);0.0
graph_13_0.25.gml;13;19;0.25;brute_force;0.75;9;False;-1;0.0009982585906982422
graph_13_0.75.gml;13;58;0.75;brute_force;0.125;1;True;(11, 68);0.0
graph_13_0.75.gml;13;58;0.75;brute_force;0.25;3;True;(99, 95):(33, 37):(30, 2);0.0
graph_13_0.75.gml;13;58;0.75;brute_force;0.5;6;False;-1;0.0
graph_13_0.75.gml;13;58;0.75;brute_force;0.75;9;False;-1;0.0
graph_13_0.125.gml;13;9;0.125;brute_force;0.125;1;True;(11, 68);0.0
graph_13_0.125.gml;13;9;0.125;brute_force;0.25;3;True;(11, 68):(99, 95):(100, 6);0.0
graph_13_0.125.gml;13;9;0.125;brute_force;0.5;6;True;(11, 68):(1, 29):(100, 6):(63, 50):(51, 100):(99, 95);0.0
graph_13_0.125.gml;13;9;0.125;brute_force;0.75;9;True;(11, 68):(41, 72):(1, 29):(63, 50):(51, 100):(33, 37):(99, 95):(64, 8):(30, 2);0.0009996891021728516
graph_14_0.5.gml;14;45;0.5;brute_force;0.125;1;True;(11, 68);0.0
graph_14_0.5.gml;14;45;0.5;brute_force;0.25;3;True;(11, 68):(30, 2):(64, 8);0.0
graph_14_0.5.gml;14;45;0.5;brute_force;0.5;7;False;-1;0.0010008811950683594
graph_14_0.5.gml;14;45;0.5;brute_force;0.75;10;False;-1;0.0
graph_14_0.25.gml;14;22;0.25;brute_force;0.125;1;True;(11, 68);0.0
graph_14_0.25.gml;14;22;0.25;brute_force;0.25;3;True;(11, 68):(99, 95):(100, 6);0.0
graph_14_0.25.gml;14;22;0.25;brute_force;0.5;7;True;(11, 68):(100, 6):(51, 100):(33, 37):(99, 95):(64, 8):(30, 2);0.0
graph_14_0.25.gml;14;22;0.25;brute_force;0.75;10;False;-1;0.0009996891021728516
graph_14_0.75.gml;14;68;0.75;brute_force;0.125;1;True;(11, 68);0.0
graph_14_0.75.gml;14;68;0.75;brute_force;0.25;3;True;(11, 68):(30, 2):(41, 72);0.0
graph_14_0.75.gml;14;68;0.75;brute_force;0.5;7;False;-1;0.0019989013671875
graph_14_0.75.gml;14;68;0.75;brute_force;0.75;10;False;-1;0.0010008811950683594
graph_14_0.125.gml;14;11;0.125;brute_force;0.125;1;True;(11, 68);0.0
graph_14_0.125.gml;14;11;0.125;brute_force;0.25;3;True;(11, 68):(99, 95):(100, 6);0.0
graph_14_0.125.gml;14;11;0.125;brute_force;0.5;7;True;(11, 68):(1, 29):(100, 6):(63, 50):(51, 100):(99, 95):(30, 2);0.0
graph_14_0.125.gml;14;11;0.125;brute_force;0.75;10;False;-1;0.001996755599975586
graph_15_0.5.gml;15;52;0.5;brute_force;0.125;1;True;(11, 68);0.0
graph_15_0.5.gml;15;52;0.5;brute_force;0.25;3;True;(11, 68):(99, 95):(100, 6);0.0
graph_15_0.5.gml;15;52;0.5;brute_force;0.5;7;False;-1;0.0029993057250976562
graph_15_0.5.gml;15;52;0.5;brute_force;0.75;11;False;-1;0.0010008811950683594
graph_15_0.25.gml;15;26;0.25;brute_force;0.125;1;True;(11, 68);0.0
graph_15_0.25.gml;15;26;0.25;brute_force;0.25;3;True;(11, 68):(99, 95):(100, 6);0.0
graph_15_0.25.gml;15;26;0.25;brute_force;0.5;7;True;(11, 68):(72, 79):(3, 1):(51, 100):(1, 100):(99, 95):(30, 2);0.0020017623901367188
graph_15_0.25.gml;15;26;0.25;brute_force;0.75;11;False;-1;0.00099945068359375
graph_15_0.75.gml;15;78;0.75;brute_force;0.125;1;True;(11, 68);0.0
graph_15_0.75.gml;15;78;0.75;brute_force;0.25;3;True;(11, 68):(84, 31):(100, 6);0.0
graph_15_0.75.gml;15;78;0.75;brute_force;0.5;7;False;-1;0.002997875213623047
graph_15_0.75.gml;15;78;0.75;brute_force;0.75;11;False;-1;0.0009999275207519531
graph_15_0.125.gml;15;13;0.125;brute_force;0.125;1;True;(11, 68);0.0
graph_15_0.125.gml;15;13;0.125;brute_force;0.25;3;True;(11, 68):(99, 95):(100, 6);0.0
graph_15_0.125.gml;15;13;0.125;brute_force;0.5;7;True;(11, 68):(1, 29):(100, 6):(51, 100):(99, 95):(64, 8):(30, 2);0.0
graph_15_0.125.gml;15;13;0.125;brute_force;0.75;11;False;-1;0.0019986629486083984
graph_16_0.5.gml;16;60;0.5;brute_force;0.125;2;True;(11, 68):(100, 6);0.0
graph_16_0.5.gml;16;60;0.5;brute_force;0.25;4;True;(1, 29):(72, 79):(33, 37):(100, 6);0.0
graph_16_0.5.gml;16;60;0.5;brute_force;0.5;8;False;-1;0.0070002079010009766
graph_16_0.5.gml;16;60;0.5;brute_force;0.75;12;False;-1;0.0009975433349609375
graph_16_0.25.gml;16;30;0.25;brute_force;0.125;2;True;(11, 68):(100, 6);0.0
graph_16_0.25.gml;16;30;0.25;brute_force;0.25;4;True;(11, 68):(99, 95):(100, 6):(30, 2);0.0
graph_16_0.25.gml;16;30;0.25;brute_force;0.5;8;False;-1;0.009033918380737305
graph_16_0.25.gml;16;30;0.25;brute_force;0.75;12;False;-1;0.0020325183868408203
graph_16_0.75.gml;16;90;0.75;brute_force;0.125;2;True;(11, 68):(100, 6);0.0
graph_16_0.75.gml;16;90;0.75;brute_force;0.25;4;False;-1;0.0010068416595458984
graph_16_0.75.gml;16;90;0.75;brute_force;0.5;8;False;-1;0.005040884017944336
graph_16_0.75.gml;16;90;0.75;brute_force;0.75;12;False;-1;0.0010423660278320312
graph_16_0.125.gml;16;15;0.125;brute_force;0.125;2;True;(11, 68):(100, 6);0.0
graph_16_0.125.gml;16;15;0.125;brute_force;0.25;4;True;(11, 68):(99, 95):(100, 6):(30, 2);0.0
graph_16_0.125.gml;16;15;0.125;brute_force;0.5;8;True;(11, 68):(99, 58):(41, 72):(100, 6):(63, 50):(99, 95):(64, 8):(30, 2);0.0
graph_16_0.125.gml;16;15;0.125;brute_force;0.75;12;False;-1;0.0009989738464355469
graph_17_0.5.gml;17;68;0.5;brute_force;0.125;2;True;(11, 68):(51, 100);0.0
graph_17_0.5.gml;17;68;0.5;brute_force;0.25;4;True;(11, 68):(51, 100):(3, 1):(72, 79);0.0
graph_17_0.5.gml;17;68;0.5;brute_force;0.5;8;False;-1;0.009998321533203125
graph_17_0.5.gml;17;68;0.5;brute_force;0.75;12;False;-1;0.0020377635955810547
graph_17_0.25.gml;17;34;0.25;brute_force;0.125;2;True;(11, 68):(100, 6);0.0
graph_17_0.25.gml;17;34;0.25;brute_force;0.25;4;True;(11, 68):(99, 95):(51, 100):(100, 6);0.0
graph_17_0.25.gml;17;34;0.25;brute_force;0.5;8;True;(11, 68):(27, 93):(72, 79):(3, 1):(51, 100):(1, 100):(99, 95):(84, 31);0.004998922348022461
graph_17_0.25.gml;17;34;0.25;brute_force;0.75;12;False;-1;0.003999948501586914
graph_17_0.75.gml;17;102;0.75;brute_force;0.125;2;True;(11, 68):(72, 79);0.0
graph_17_0.75.gml;17;102;0.75;brute_force;0.25;4;False;-1;0.001039266586303711
graph_17_0.75.gml;17;102;0.75;brute_force;0.5;8;False;-1;0.007997512817382812
graph_17_0.75.gml;17;102;0.75;brute_force;0.75;12;False;-1;0.0020415782928466797
graph_17_0.125.gml;17;17;0.125;brute_force;0.125;2;True;(11, 68):(100, 6);0.0009653568267822266
graph_17_0.125.gml;17;17;0.125;brute_force;0.25;4;True;(11, 68):(99, 95):(100, 6):(30, 2);0.0
graph_17_0.125.gml;17;17;0.125;brute_force;0.5;8;True;(11, 68):(72, 79):(41, 72):(100, 6):(51, 100):(1, 100):(99, 95):(30, 2);0.0
graph_17_0.125.gml;17;17;0.125;brute_force;0.75;12;False;-1;0.004998445510864258
graph_18_0.5.gml;18;76;0.5;brute_force;0.125;2;True;(11, 68):(100, 6);0.0
graph_18_0.5.gml;18;76;0.5;brute_force;0.25;4;True;(11, 68):(72, 79):(41, 72):(100, 6);0.0
graph_18_0.5.gml;18;76;0.5;brute_force;0.5;9;False;-1;0.02103900909423828
graph_18_0.5.gml;18;76;0.5;brute_force;0.75;13;False;-1;0.004000425338745117
graph_18_0.25.gml;18;38;0.25;brute_force;0.125;2;True;(11, 68):(100, 6);0.0
graph_18_0.25.gml;18;38;0.25;brute_force;0.25;4;True;(11, 68):(30, 2):(51, 100):(100, 6);0.0
graph_18_0.25.gml;18;38;0.25;brute_force;0.5;9;False;-1;0.03707766532897949
graph_18_0.25.gml;18;38;0.25;brute_force;0.75;13;False;-1;0.0069997310638427734
graph_18_0.75.gml;18;114;0.75;brute_force;0.125;2;True;(11, 68):(64, 8);0.0
graph_18_0.75.gml;18;114;0.75;brute_force;0.25;4;False;-1;0.0010335445404052734
graph_18_0.75.gml;18;114;0.75;brute_force;0.5;9;False;-1;0.015615463256835938
graph_18_0.75.gml;18;114;0.75;brute_force;0.75;13;False;-1;0.002579927444458008
graph_18_0.125.gml;18;19;0.125;brute_force;0.125;2;True;(11, 68):(100, 6);0.0
graph_18_0.125.gml;18;19;0.125;brute_force;0.25;4;True;(11, 68):(30, 2):(51, 100):(100, 6);0.0
graph_18_0.125.gml;18;19;0.125;brute_force;0.5;9;True;(11, 68):(27, 93):(72, 79):(41, 72):(1, 29):(100, 6):(33, 37):(30, 2):(84, 31);0.010031461715698242
graph_18_0.125.gml;18;19;0.125;brute_force;0.75;13;False;-1;0.008003950119018555
graph_19_0.5.gml;19;85;0.5;brute_force;0.125;2;True;(11, 68):(100, 6);0.0
graph_19_0.5.gml;19;85;0.5;brute_force;0.25;4;True;(11, 68):(63, 50):(100, 6):(13, 46);0.0
graph_19_0.5.gml;19;85;0.5;brute_force;0.5;9;False;-1;0.04200315475463867
graph_19_0.5.gml;19;85;0.5;brute_force;0.75;14;False;-1;0.005043506622314453
graph_19_0.25.gml;19;42;0.25;brute_force;0.125;2;True;(11, 68):(100, 6);0.0
graph_19_0.25.gml;19;42;0.25;brute_force;0.25;4;True;(11, 68):(99, 95):(100, 6):(30, 2);0.0
graph_19_0.25.gml;19;42;0.25;brute_force;0.5;9;True;(11, 68):(99, 58):(41, 72):(13, 46):(100, 6):(63, 50):(51, 100):(99, 95):(30, 2);0.0
graph_19_0.25.gml;19;42;0.25;brute_force;0.75;14;False;-1;0.013102293014526367
graph_19_0.75.gml;19;128;0.75;brute_force;0.125;2;True;(11, 68):(100, 6);0.0
graph_19_0.75.gml;19;128;0.75;brute_force;0.25;4;True;(1, 29):(72, 79):(47, 21):(64, 8);0.0010385513305664062
graph_19_0.75.gml;19;128;0.75;brute_force;0.5;9;False;-1;0.03754734992980957
graph_19_0.75.gml;19;128;0.75;brute_force;0.75;14;False;-1;0.0049669742584228516
graph_19_0.125.gml;19;21;0.125;brute_force;0.125;2;True;(11, 68):(100, 6);0.0
graph_19_0.125.gml;19;21;0.125;brute_force;0.25;4;True;(11, 68):(99, 95):(100, 6):(30, 2);0.0
graph_19_0.125.gml;19;21;0.125;brute_force;0.5;9;True;(11, 68):(99, 58):(41, 72):(100, 6):(63, 50):(51, 100):(99, 95):(84, 31):(30, 2);0.0
graph_19_0.125.gml;19;21;0.125;brute_force;0.75;14;False;-1;0.01903533935546875
graph_20_0.5.gml;20;95;0.5;brute_force;0.125;2;True;(11, 68):(99, 95);0.0
graph_20_0.5.gml;20;95;0.5;brute_force;0.25;5;True;(11, 68):(13, 46):(1, 100):(99, 95):(64, 8);0.0010395050048828125
graph_20_0.5.gml;20;95;0.5;brute_force;0.5;10;False;-1;0.07002806663513184
graph_20_0.5.gml;20;95;0.5;brute_force;0.75;15;False;-1;0.006040811538696289
graph_20_0.25.gml;20;47;0.25;brute_force;0.125;2;True;(11, 68):(99, 95);0.0
graph_20_0.25.gml;20;47;0.25;brute_force;0.25;5;True;(11, 68):(51, 100):(99, 95):(64, 8):(30, 2);0.0010340213775634766
graph_20_0.25.gml;20;47;0.25;brute_force;0.5;10;False;-1;0.12047052383422852
graph_20_0.25.gml;20;47;0.25;brute_force;0.75;15;False;-1;0.009082555770874023
graph_20_0.75.gml;20;142;0.75;brute_force;0.125;2;True;(11, 68):(99, 95);0.0
graph_20_0.75.gml;20;142;0.75;brute_force;0.25;5;False;-1;0.0050389766693115234
graph_20_0.75.gml;20;142;0.75;brute_force;0.5;10;False;-1;0.06660127639770508
graph_20_0.75.gml;20;142;0.75;brute_force;0.75;15;False;-1;0.00703120231628418
graph_20_0.125.gml;20;23;0.125;brute_force;0.125;2;True;(11, 68):(100, 6);0.0
graph_20_0.125.gml;20;23;0.125;brute_force;0.25;5;True;(11, 68):(100, 6):(63, 50):(99, 95):(30, 2);0.0
graph_20_0.125.gml;20;23;0.125;brute_force;0.5;10;True;(11, 68):(27, 93):(99, 58):(13, 46):(100, 6):(51, 100):(99, 95):(84, 31):(64, 8):(30, 2);0.011069297790527344
graph_20_0.125.gml;20;23;0.125;brute_force;0.75;15;False;-1;0.042581796646118164
graph_21_0.5.gml;21;105;0.5;brute_force;0.125;2;True;(11, 68):(100, 6);0.0009636878967285156
graph_21_0.5.gml;21;105;0.5;brute_force;0.25;5;True;(11, 68):(27, 93):(1, 29):(1, 100):(99, 95);0.0010044574737548828
graph_21_0.5.gml;21;105;0.5;brute_force;0.5;10;False;-1;0.1982405185699463
graph_21_0.5.gml;21;105;0.5;brute_force;0.75;15;False;-1;0.03398871421813965
graph_21_0.25.gml;21;52;0.25;brute_force;0.125;2;True;(11, 68):(100, 6);0.0
graph_21_0.25.gml;21;52;0.25;brute_force;0.25;5;True;(11, 68):(100, 6):(99, 95):(64, 8):(30, 2);0.0
graph_21_0.25.gml;21;52;0.25;brute_force;0.5;10;False;-1;0.381061315536499
graph_21_0.25.gml;21;52;0.25;brute_force;0.75;15;False;-1;0.07762837409973145
graph_21_0.75.gml;21;157;0.75;brute_force;0.125;2;True;(11, 68):(63, 50);0.0009646415710449219
graph_21_0.75.gml;21;157;0.75;brute_force;0.25;5;False;-1;0.0075588226318359375
graph_21_0.75.gml;21;157;0.75;brute_force;0.5;10;False;-1;0.12365174293518066
graph_21_0.75.gml;21;157;0.75;brute_force;0.75;15;False;-1;0.018006324768066406
graph_21_0.125.gml;21;26;0.125;brute_force;0.125;2;True;(11, 68):(100, 6);0.0
graph_21_0.125.gml;21;26;0.125;brute_force;0.25;5;True;(11, 68):(100, 6):(51, 100):(99, 95):(30, 2);0.0
graph_21_0.125.gml;21;26;0.125;brute_force;0.5;10;True;(11, 68):(27, 93):(72, 79):(41, 72):(100, 6):(51, 100):(99, 95):(84, 31):(64, 8):(30, 2);0.012041091918945312
graph_21_0.125.gml;21;26;0.125;brute_force;0.75;15;False;-1;0.0796205997467041
graph_22_0.5.gml;22;115;0.5;brute_force;0.125;2;True;(11, 68):(100, 6);0.0
graph_22_0.5.gml;22;115;0.5;brute_force;0.25;5;True;(11, 68):(100, 6):(33, 37):(99, 95):(47, 21);0.0010399818420410156
graph_22_0.5.gml;22;115;0.5;brute_force;0.5;11;False;-1;0.40908193588256836
graph_22_0.5.gml;22;115;0.5;brute_force;0.75;16;False;-1;0.05057168006896973
graph_22_0.25.gml;22;57;0.25;brute_force;0.125;2;True;(11, 68):(100, 6);0.0
graph_22_0.25.gml;22;57;0.25;brute_force;0.25;5;True;(11, 68):(100, 6):(99, 95):(64, 8):(30, 2);0.0
graph_22_0.25.gml;22;57;0.25;brute_force;0.5;11;False;-1;0.5937254428863525
graph_22_0.25.gml;22;57;0.25;brute_force;0.75;16;False;-1;0.06621956825256348
graph_22_0.75.gml;22;173;0.75;brute_force;0.125;2;True;(11, 68):(64, 8);0.0
graph_22_0.75.gml;22;173;0.75;brute_force;0.25;5;False;-1;0.00903940200805664
graph_22_0.75.gml;22;173;0.75;brute_force;0.5;11;False;-1;0.274860143661499
graph_22_0.75.gml;22;173;0.75;brute_force;0.75;16;False;-1;0.02962327003479004
graph_22_0.125.gml;22;28;0.125;brute_force;0.125;2;True;(11, 68):(100, 6);0.0
graph_22_0.125.gml;22;28;0.125;brute_force;0.25;5;True;(11, 68):(100, 6):(63, 50):(99, 95):(30, 2);0.0
graph_22_0.125.gml;22;28;0.125;brute_force;0.5;11;True;(11, 68):(99, 58):(41, 72):(13, 46):(100, 6):(63, 50):(33, 37):(99, 95):(44, 53):(91, 76):(30, 2);0.02000594139099121
graph_22_0.125.gml;22;28;0.125;brute_force;0.75;16;False;-1;0.14270591735839844
graph_23_0.5.gml;23;126;0.5;brute_force;0.125;2;True;(11, 68):(63, 50);0.0
graph_23_0.5.gml;23;126;0.5;brute_force;0.25;5;True;(11, 68):(72, 79):(71, 100):(63, 50):(44, 53);0.0020389556884765625
graph_23_0.5.gml;23;126;0.5;brute_force;0.5;11;False;-1;0.6070396900177002
graph_23_0.5.gml;23;126;0.5;brute_force;0.75;17;False;-1;0.04017233848571777
graph_23_0.25.gml;23;63;0.25;brute_force;0.125;2;True;(11, 68):(99, 95);0.0009665489196777344
graph_23_0.25.gml;23;63;0.25;brute_force;0.25;5;True;(11, 68):(72, 79):(63, 50):(99, 95):(64, 8);0.0
graph_23_0.25.gml;23;63;0.25;brute_force;0.5;11;False;-1;0.8608801364898682
graph_23_0.25.gml;23;63;0.25;brute_force;0.75;17;False;-1;0.05300021171569824
graph_23_0.75.gml;23;189;0.75;brute_force;0.125;2;True;(11, 68):(63, 50);0.0
graph_23_0.75.gml;23;189;0.75;brute_force;0.25;5;False;-1;0.01399850845336914
graph_23_0.75.gml;23;189;0.75;brute_force;0.5;11;False;-1;0.5514776706695557
graph_23_0.75.gml;23;189;0.75;brute_force;0.75;17;False;-1;0.04000568389892578
graph_23_0.125.gml;23;31;0.125;brute_force;0.125;2;True;(11, 68):(100, 6);0.0
graph_23_0.125.gml;23;31;0.125;brute_force;0.25;5;True;(11, 68):(100, 6):(63, 50):(99, 95):(30, 2);0.0
graph_23_0.125.gml;23;31;0.125;brute_force;0.5;11;True;(11, 68):(72, 79):(13, 46):(3, 1):(1, 29):(100, 6):(63, 50):(99, 95):(84, 31):(44, 53):(30, 2);0.021006107330322266
graph_23_0.125.gml;23;31;0.125;brute_force;0.75;17;False;-1;0.15700650215148926
graph_24_0.5.gml;24;138;0.5;brute_force;0.125;3;True;(11, 68):(30, 2):(1, 29);0.0
graph_24_0.5.gml;24;138;0.5;brute_force;0.25;6;True;(72, 79):(71, 100):(18, 19):(80, 61):(30, 2):(84, 31);0.03803420066833496
graph_24_0.5.gml;24;138;0.5;brute_force;0.5;12;False;-1;1.2609479427337646
graph_24_0.5.gml;24;138;0.5;brute_force;0.75;18;False;-1;0.053664207458496094
graph_24_0.25.gml;24;69;0.25;brute_force;0.125;3;True;(11, 68):(99, 95):(30, 2);0.0
graph_24_0.25.gml;24;69;0.25;brute_force;0.25;6;True;(11, 68):(41, 72):(1, 29):(63, 50):(99, 95):(30, 2);0.002042055130004883
graph_24_0.25.gml;24;69;0.25;brute_force;0.5;12;False;-1;1.728137731552124
graph_24_0.25.gml;24;69;0.25;brute_force;0.75;18;False;-1;0.05900716781616211
graph_24_0.75.gml;24;207;0.75;brute_force;0.125;3;True;(11, 68):(30, 2):(1, 29);0.0010418891906738281
graph_24_0.75.gml;24;207;0.75;brute_force;0.25;6;False;-1;0.04826021194458008
graph_24_0.75.gml;24;207;0.75;brute_force;0.5;12;False;-1;0.9471187591552734
graph_24_0.75.gml;24;207;0.75;brute_force;0.75;18;False;-1;0.04461359977722168
graph_24_0.125.gml;24;34;0.125;brute_force;0.125;3;True;(11, 68):(30, 2):(100, 6);0.0
graph_24_0.125.gml;24;34;0.125;brute_force;0.25;6;True;(11, 68):(1, 29):(100, 6):(63, 50):(51, 100):(30, 2);0.001039743423461914
graph_24_0.125.gml;24;34;0.125;brute_force;0.5;12;True;(11, 68):(72, 79):(47, 21):(41, 72):(71, 100):(3, 1):(1, 29):(18, 19):(80, 61):(99, 95):(64, 8):(30, 2);0.7787024974822998
graph_24_0.125.gml;24;34;0.125;brute_force;0.75;18;False;-1;0.1276261806488037
graph_25_0.5.gml;25;150;0.5;brute_force;0.125;3;True;(11, 68):(99, 95):(63, 50);0.0
graph_25_0.5.gml;25;150;0.5;brute_force;0.25;6;True;(71, 100):(13, 46):(18, 19):(100, 6):(64, 29):(30, 2);0.024039506912231445
graph_25_0.5.gml;25;150;0.5;brute_force;0.5;12;False;-1;2.2231884002685547
graph_25_0.5.gml;25;150;0.5;brute_force;0.75;18;False;-1;0.20126891136169434
graph_25_0.25.gml;25;75;0.25;brute_force;0.125;3;True;(11, 68):(99, 95):(100, 6);0.000965118408203125
graph_25_0.25.gml;25;75;0.25;brute_force;0.25;6;True;(11, 68):(100, 6):(63, 50):(99, 95):(64, 8):(30, 2);0.0
graph_25_0.25.gml;25;75;0.25;brute_force;0.5;12;False;-1;4.345005035400391
graph_25_0.25.gml;25;75;0.25;brute_force;0.75;18;False;-1;0.5001132488250732
graph_25_0.75.gml;25;225;0.75;brute_force;0.125;3;True;(64, 29):(99, 58):(100, 6);0.0005419254302978516
graph_25_0.75.gml;25;225;0.75;brute_force;0.25;6;False;-1;0.07102012634277344
graph_25_0.75.gml;25;225;0.75;brute_force;0.5;12;False;-1;2.054917812347412
graph_25_0.75.gml;25;225;0.75;brute_force;0.75;18;False;-1;0.18825292587280273
graph_25_0.125.gml;25;37;0.125;brute_force;0.125;3;True;(11, 68):(99, 95):(100, 6);0.0
graph_25_0.125.gml;25;37;0.125;brute_force;0.25;6;True;(11, 68):(100, 6):(63, 50):(51, 100):(99, 95):(30, 2);0.0
graph_25_0.125.gml;25;37;0.125;brute_force;0.5;12;True;(11, 68):(27, 93):(41, 72):(71, 100):(100, 6):(18, 19):(63, 50):(80, 61):(1, 100):(99, 95):(44, 53):(30, 2);0.12891054153442383
graph_25_0.125.gml;25;37;0.125;brute_force;0.75;18;False;-1;0.586195707321167
graph_26_0.5.gml;26;162;0.5;brute_force;0.125;3;True;(11, 68):(99, 58):(64, 8);0.0010342597961425781
graph_26_0.5.gml;26;162;0.5;brute_force;0.25;6;True;(41, 72):(99, 58):(100, 6):(80, 61):(33, 37):(64, 8);0.03565216064453125
graph_26_0.5.gml;26;162;0.5;brute_force;0.5;13;False;-1;4.71037220954895
graph_26_0.5.gml;26;162;0.5;brute_force;0.75;19;False;-1;0.2672889232635498
graph_26_0.25.gml;26;81;0.25;brute_force;0.125;3;True;(11, 68):(99, 95):(100, 6);0.0010063648223876953
graph_26_0.25.gml;26;81;0.25;brute_force;0.25;6;True;(11, 68):(100, 6):(51, 100):(1, 100):(99, 95):(64, 8);0.0009996891021728516
graph_26_0.25.gml;26;81;0.25;brute_force;0.5;13;False;-1;8.47647738456726
graph_26_0.25.gml;26;81;0.25;brute_force;0.75;19;False;-1;0.4276580810546875
graph_26_0.75.gml;26;243;0.75;brute_force;0.125;3;True;(30, 2):(33, 37):(100, 6);0.0
graph_26_0.75.gml;26;243;0.75;brute_force;0.25;6;False;-1;0.0836186408996582
graph_26_0.75.gml;26;243;0.75;brute_force;0.5;13;False;-1;3.478435754776001
graph_26_0.75.gml;26;243;0.75;brute_force;0.75;19;False;-1;0.22127032279968262
graph_26_0.125.gml;26;40;0.125;brute_force;0.125;3;True;(11, 68):(99, 95):(100, 6);0.001001119613647461
graph_26_0.125.gml;26;40;0.125;brute_force;0.25;6;True;(11, 68):(100, 6):(63, 50):(51, 100):(99, 95):(64, 8);0.0010013580322265625
graph_26_0.125.gml;26;40;0.125;brute_force;0.5;13;True;(11, 68):(100, 40):(47, 21):(3, 1):(100, 6):(80, 61):(51, 100):(64, 29):(33, 37):(30, 2):(84, 31):(44, 53):(64, 8);3.771911859512329
graph_26_0.125.gml;26;40;0.125;brute_force;0.75;19;False;-1;1.510033369064331
graph_27_0.5.gml;27;175;0.5;brute_force;0.125;3;True;(11, 68):(33, 37):(100, 6);0.0
graph_27_0.5.gml;27;175;0.5;brute_force;0.25;6;True;(41, 72):(18, 19):(100, 6):(64, 29):(82, 1):(47, 21);0.05866646766662598
graph_27_0.5.gml;27;175;0.5;brute_force;0.5;13;False;-1;9.557303428649902
graph_27_0.5.gml;27;175;0.5;brute_force;0.75;20;False;-1;0.6824357509613037
graph_27_0.25.gml;27;87;0.25;brute_force;0.125;3;True;(11, 68):(30, 2):(100, 6);0.0
graph_27_0.25.gml;27;87;0.25;brute_force;0.25;6;True;(11, 68):(99, 58):(41, 72):(100, 6):(33, 37):(30, 2);0.0029981136322021484
graph_27_0.25.gml;27;87;0.25;brute_force;0.5;13;False;-1;15.574229001998901
graph_27_0.25.gml;27;87;0.25;brute_force;0.75;20;False;-1;0.786719560623169
graph_27_0.75.gml;27;263;0.75;brute_force;0.125;3;True;(11, 68):(44, 53):(41, 72);0.0
graph_27_0.75.gml;27;263;0.75;brute_force;0.25;6;False;-1;0.1185145378112793
graph_27_0.75.gml;27;263;0.75;brute_force;0.5;13;False;-1;7.485313653945923
graph_27_0.75.gml;27;263;0.75;brute_force;0.75;20;False;-1;0.3008909225463867
graph_27_0.125.gml;27;43;0.125;brute_force;0.125;3;True;(11, 68):(30, 2):(100, 6);0.0
graph_27_0.125.gml;27;43;0.125;brute_force;0.25;6;True;(11, 68):(99, 58):(100, 6):(63, 50):(33, 37):(30, 2);0.0015797615051269531
graph_27_0.125.gml;27;43;0.125;brute_force;0.5;13;True;(11, 68):(72, 79):(41, 72):(3, 1):(100, 6):(18, 19):(63, 50):(80, 61):(64, 29):(33, 37):(27, 93):(84, 31):(55, 83);4.176531791687012
graph_27_0.125.gml;27;43;0.125;brute_force;0.75;20;False;-1;0.7893726825714111
graph_28_0.5.gml;28;189;0.5;brute_force;0.125;3;True;(11, 68):(99, 95):(63, 50);0.0009648799896240234
graph_28_0.5.gml;28;189;0.5;brute_force;0.25;7;False;-1;0.5797297954559326
graph_28_0.5.gml;28;189;0.5;brute_force;0.5;14;False;-1;23.769487857818604
graph_28_0.5.gml;28;189;0.5;brute_force;0.75;21;False;-1;0.7838249206542969
graph_28_0.25.gml;28;94;0.25;brute_force;0.125;3;True;(11, 68):(99, 95):(30, 2);0.0
graph_28_0.25.gml;28;94;0.25;brute_force;0.25;7;True;(11, 68):(99, 58):(51, 100):(33, 37):(99, 95):(64, 8):(30, 2);0.026588916778564453
graph_28_0.25.gml;28;94;0.25;brute_force;0.5;14;False;-1;40.17370414733887
graph_28_0.25.gml;28;94;0.25;brute_force;0.75;21;False;-1;1.180704116821289
graph_28_0.75.gml;28;283;0.75;brute_force;0.125;3;True;(11, 68):(99, 95):(63, 50);0.0009992122650146484
graph_28_0.75.gml;28;283;0.75;brute_force;0.25;7;False;-1;0.5350563526153564
graph_28_0.75.gml;28;283;0.75;brute_force;0.5;14;False;-1;19.96152925491333
graph_28_0.75.gml;28;283;0.75;brute_force;0.75;21;False;-1;0.5601160526275635
graph_28_0.125.gml;28;47;0.125;brute_force;0.125;3;True;(11, 68):(99, 95):(30, 2);0.0
graph_28_0.125.gml;28;47;0.125;brute_force;0.25;7;True;(11, 68):(99, 58):(63, 50):(51, 100):(33, 37):(99, 95):(30, 2);0.020078659057617188
graph_28_0.125.gml;28;47;0.125;brute_force;0.5;14;False;-1;46.18248248100281
graph_28_0.125.gml;28;47;0.125;brute_force;0.75;21;False;-1;1.1142961978912354
graph_29_0.5.gml;29;203;0.5;brute_force;0.125;3;True;(11, 68):(63, 50):(51, 100);0.0
graph_29_0.5.gml;29;203;0.5;brute_force;0.25;7;False;-1;0.8180303573608398
graph_29_0.5.gml;29;203;0.5;brute_force;0.5;14;False;-1;32.90645718574524
graph_29_0.5.gml;29;203;0.5;brute_force;0.75;21;False;-1;1.5674970149993896
graph_29_0.25.gml;29;101;0.25;brute_force;0.125;3;True;(11, 68):(63, 50):(100, 6);0.0
graph_29_0.25.gml;29;101;0.25;brute_force;0.25;7;True;(11, 68):(99, 58):(41, 72):(100, 6):(63, 50):(51, 100):(64, 8);0.018587589263916016
graph_29_0.25.gml;29;101;0.25;brute_force;0.5;14;False;-1;58.33438992500305
graph_29_0.25.gml;29;101;0.25;brute_force;0.75;21;False;-1;3.452152967453003
graph_29_0.75.gml;29;304;0.75;brute_force;0.125;3;True;(11, 68):(41, 72):(91, 76);0.0010437965393066406
graph_29_0.75.gml;29;304;0.75;brute_force;0.25;7;False;-1;0.5275435447692871
graph_29_0.75.gml;29;304;0.75;brute_force;0.5;14;False;-1;28.16489863395691
graph_29_0.75.gml;29;304;0.75;brute_force;0.75;21;False;-1;1.4933671951293945
graph_29_0.125.gml;29;50;0.125;brute_force;0.125;3;True;(11, 68):(99, 95):(100, 6);0.0
graph_29_0.125.gml;29;50;0.125;brute_force;0.25;7;True;(11, 68):(41, 72):(100, 6):(63, 50):(51, 100):(33, 37):(99, 95);0.002004384994506836
graph_29_0.125.gml;29;50;0.125;brute_force;0.5;14;True;(11, 68):(99, 58):(41, 72):(71, 100):(100, 6):(63, 50):(51, 100):(64, 29):(82, 1):(33, 37):(1, 83):(84, 31):(55, 83):(64, 8);12.32274317741394
graph_29_0.125.gml;29;50;0.125;brute_force;0.75;21;False;-1;4.446640968322754
graph_30_0.5.gml;30;217;0.5;brute_force;0.125;3;True;(11, 68):(99, 95):(100, 6);0.0
graph_30_0.5.gml;30;217;0.5;brute_force;0.25;7;False;-1;1.0973637104034424
graph_30_0.5.gml;30;217;0.5;brute_force;0.5;15;False;-1;114.32765769958496
graph_30_0.5.gml;30;217;0.5;brute_force;0.75;22;False;-1;4.456366539001465
graph_30_0.25.gml;30;108;0.25;brute_force;0.125;3;True;(11, 68):(99, 95):(100, 6);0.0
graph_30_0.25.gml;30;108;0.25;brute_force;0.25;7;True;(11, 68):(1, 29):(100, 6):(63, 50):(1, 100):(99, 95):(64, 8);0.0020346641540527344
graph_30_0.25.gml;30;108;0.25;brute_force;0.5;15;False;-1;168.50215029716492
graph_30_0.25.gml;30;108;0.25;brute_force;0.75;22;False;-1;5.865145921707153
graph_30_0.75.gml;30;326;0.75;brute_force;0.125;3;True;(11, 68):(63, 50):(51, 100);0.0
graph_30_0.75.gml;30;326;0.75;brute_force;0.25;7;False;-1;0.9412236213684082
graph_30_0.75.gml;30;326;0.75;brute_force;0.5;15;False;-1;69.04392695426941
graph_30_0.75.gml;30;326;0.75;brute_force;0.75;22;False;-1;2.896512508392334
graph_30_0.125.gml;30;54;0.125;brute_force;0.125;3;True;(11, 68):(99, 95):(100, 6);0.0
graph_30_0.125.gml;30;54;0.125;brute_force;0.25;7;True;(11, 68):(99, 58):(1, 29):(100, 6):(63, 50):(99, 95):(30, 2);0.0
graph_30_0.125.gml;30;54;0.125;brute_force;0.5;15;True;(11, 68):(100, 40):(47, 21):(91, 76):(1, 29):(100, 6):(63, 50):(80, 61):(27, 58):(1, 100):(99, 95):(1, 83):(44, 53):(64, 8):(30, 2);6.825443983078003
graph_30_0.125.gml;30;54;0.125;brute_force;0.75;22;False;-1;24.535257577896118
graph_31_0.5.gml;31;232;0.5;brute_force;0.125;3;True;(11, 68):(99, 95):(41, 72);0.0
graph_31_0.5.gml;31;232;0.5;brute_force;0.25;7;False;-1;1.2174720764160156
graph_31_0.5.gml;31;232;0.5;brute_force;0.5;15;False;-1;147.83164238929749
graph_31_0.5.gml;31;232;0.5;brute_force;0.75;23;False;-1;4.3260109424591064
graph_31_0.25.gml;31;116;0.25;brute_force;0.125;3;True;(11, 68):(99, 95):(30, 2);0.0
graph_31_0.25.gml;31;116;0.25;brute_force;0.25;7;True;(11, 68):(41, 72):(13, 46):(1, 29):(1, 100):(99, 95):(30, 2);0.05066204071044922
graph_31_0.25.gml;31;116;0.25;brute_force;0.5;15;False;-1;300.6683762073517
graph_31_0.25.gml;31;116;0.25;brute_force;0.75;23;False;-1;7.649341583251953
graph_31_0.75.gml;31;348;0.75;brute_force;0.125;3;True;(11, 68):(99, 95):(27, 58);0.0009996891021728516
graph_31_0.75.gml;31;348;0.75;brute_force;0.25;7;False;-1;0.9525811672210693
graph_31_0.75.gml;31;348;0.75;brute_force;0.5;15;False;-1;112.78161454200745
graph_31_0.75.gml;31;348;0.75;brute_force;0.75;23;False;-1;3.5589966773986816
graph_31_0.125.gml;31;58;0.125;brute_force;0.125;3;True;(11, 68):(99, 95):(100, 6);0.0
graph_31_0.125.gml;31;58;0.125;brute_force;0.25;7;True;(11, 68):(1, 29):(100, 6):(63, 50):(99, 95):(64, 8):(30, 2);0.0
graph_31_0.125.gml;31;58;0.125;brute_force;0.5;15;True;(11, 68):(47, 21):(91, 76):(13, 46):(3, 1):(1, 29):(100, 6):(63, 50):(1, 100):(48, 3):(99, 95):(82, 1):(55, 83):(64, 8):(30, 2);6.332988023757935
graph_31_0.125.gml;31;58;0.125;brute_force;0.75;23;False;-1;13.132895469665527
graph_32_0.5.gml;32;248;0.5;brute_force;0.125;4;True;(11, 68):(30, 2):(51, 100):(99, 58);0.0
graph_32_0.5.gml;32;248;0.5;brute_force;0.25;8;False;-1;4.965840578079224
graph_32_0.5.gml;32;248;0.5;brute_force;0.5;16;False;-1;294.03421568870544
graph_32_0.5.gml;32;248;0.5;brute_force;0.75;24;False;-1;5.135427713394165
graph_32_0.25.gml;32;124;0.25;brute_force;0.125;4;True;(11, 68):(30, 2):(51, 100):(99, 58);0.0005037784576416016
graph_32_0.25.gml;32;124;0.25;brute_force;0.25;8;True;(11, 68):(27, 93):(72, 79):(99, 58):(18, 19):(51, 100):(30, 2):(47, 21);0.42755627632141113
graph_32_0.25.gml;32;124;0.25;brute_force;0.5;16;False;-1;383.96911549568176
graph_32_0.25.gml;32;124;0.25;brute_force;0.75;24;False;-1;5.588705062866211
graph_32_0.75.gml;32;372;0.75;brute_force;0.125;4;True;(11, 68):(18, 19):(41, 72):(71, 100);0.0015790462493896484
graph_32_0.75.gml;32;372;0.75;brute_force;0.25;8;False;-1;4.0033650398254395
graph_32_0.75.gml;32;372;0.75;brute_force;0.5;16;False;-1;260.29729986190796
graph_32_0.75.gml;32;372;0.75;brute_force;0.75;24;False;-1;4.194457054138184
graph_32_0.125.gml;32;62;0.125;brute_force;0.125;4;True;(11, 68):(30, 2):(51, 100):(63, 50);0.0
graph_32_0.125.gml;32;62;0.125;brute_force;0.25;8;True;(11, 68):(99, 58):(41, 72):(63, 50):(51, 100):(33, 37):(30, 2):(64, 8);0.3394200801849365
graph_32_0.125.gml;32;62;0.125;brute_force;0.5;16;True;(27, 93):(100, 40):(47, 21):(99, 58):(41, 72):(3, 1):(1, 29):(100, 6):(63, 50):(27, 58):(82, 1):(1, 83):(99, 95):(84, 31):(64, 8):(30, 2);166.76764798164368
graph_32_0.125.gml;32;62;0.125;brute_force;0.75;24;False;-1;7.498594760894775
graph_33_0.5.gml;33;264;0.5;brute_force;0.125;4;True;(11, 68):(99, 95):(1, 29):(100, 6);0.0005042552947998047
graph_33_0.5.gml;33;264;0.5;brute_force;0.25;8;False;-1;6.962446451187134
graph_33_0.5.gml;33;264;0.5;brute_force;0.5;16;False;-1;689.7881834506989
graph_33_0.5.gml;33;264;0.5;brute_force;0.75;24;False;-1;25.111920833587646
graph_33_0.25.gml;33;132;0.25;brute_force;0.125;4;True;(11, 68):(99, 95):(100, 6):(63, 50);0.0
graph_33_0.25.gml;33;132;0.25;brute_force;0.25;8;True;(11, 68):(27, 93):(71, 100):(100, 6):(63, 50):(80, 61):(33, 37):(99, 95);0.026003599166870117
graph_33_0.25.gml;33;132;0.25;brute_force;0.5;16;False;-1;1057.7286999225616
graph_33_0.25.gml;33;132;0.25;brute_force;0.75;24;False;-1;34.18263268470764
graph_33_0.75.gml;33;396;0.75;brute_force;0.125;4;True;(91, 76):(99, 58):(100, 6):(60, 68);0.0039975643157958984
graph_33_0.75.gml;33;396;0.75;brute_force;0.25;8;False;-1;5.146995782852173
graph_33_0.75.gml;33;396;0.75;brute_force;0.5;16;False;-1;491.1847674846649
graph_33_0.75.gml;33;396;0.75;brute_force;0.75;24;False;-1;17.65471053123474
graph_33_0.125.gml;33;66;0.125;brute_force;0.125;4;True;(11, 68):(99, 95):(100, 6):(30, 2);0.0
graph_33_0.125.gml;33;66;0.125;brute_force;0.25;8;True;(11, 68):(41, 72):(1, 29):(100, 6):(63, 50):(51, 100):(99, 95):(30, 2);0.0
graph_33_0.125.gml;33;66;0.125;brute_force;0.5;16;True;(27, 93):(72, 79):(41, 72):(99, 58):(71, 100):(60, 68):(80, 61):(27, 58):(82, 1):(1, 83):(99, 95):(84, 31):(44, 53):(55, 83):(47, 21):(30, 2);1342.1095764636993
graph_33_0.125.gml;33;66;0.125;brute_force;0.75;24;False;-1;61.72856831550598
graph_34_0.5.gml;34;280;0.5;brute_force;0.125;4;True;(11, 68):(51, 100):(1, 100):(64, 8);0.0010347366333007812
graph_34_0.5.gml;34;280;0.5;brute_force;0.25;8;False;-1;9.138025999069214
graph_34_0.5.gml;34;280;0.5;brute_force;0.5;17;False;-1;1245.376578092575
graph_34_0.5.gml;34;280;0.5;brute_force;0.75;25;False;-1;24.82910990715027
graph_34_0.25.gml;34;140;0.25;brute_force;0.125;4;True;(11, 68):(99, 95):(63, 50):(30, 2);0.0009663105010986328
graph_34_0.25.gml;34;140;0.25;brute_force;0.25;8;True;(11, 68):(27, 93):(63, 50):(51, 100):(24, 77):(1, 100):(99, 95):(30, 2);0.33382487297058105
graph_34_0.25.gml;34;140;0.25;brute_force;0.5;17;False;-1;2063.1126968860626
graph_34_0.25.gml;34;140;0.25;brute_force;0.75;25;False;-1;35.213433265686035
graph_34_0.75.gml;34;420;0.75;brute_force;0.125;4;True;(11, 68):(1, 83):(64, 29):(47, 21);0.0020036697387695312
graph_34_0.75.gml;34;420;0.75;brute_force;0.25;8;False;-1;7.816633224487305
graph_34_0.75.gml;34;420;0.75;brute_force;0.5;17;False;-1;901.7855360507965
graph_34_0.75.gml;34;420;0.75;brute_force;0.75;25;False;-1;23.68903946876526
graph_34_0.125.gml;34;70;0.125;brute_force;0.125;4;True;(11, 68):(99, 95):(63, 50):(30, 2);0.0
graph_34_0.125.gml;34;70;0.125;brute_force;0.25;8;True;(11, 68):(72, 79):(63, 50):(51, 100):(1, 100):(99, 95):(64, 8):(30, 2);0.3305375576019287
graph_34_0.125.gml;34;70;0.125;brute_force;0.5;17;False;-1;3284.0351729393005
graph_34_0.125.gml;34;70;0.125;brute_force;0.75;25;False;-1;55.008766889572144
graph_35_0.5.gml;35;297;0.5;brute_force;0.125;4;True;(11, 68):(99, 95):(33, 37):(63, 50);0.0
graph_35_0.5.gml;35;297;0.5;brute_force;0.25;8;False;-1;11.924814939498901
graph_35_0.5.gml;35;297;0.5;brute_force;0.5;17;False;-1;2266.4352643489838
graph_35_0.5.gml;35;297;0.5;brute_force;0.75;26;False;-1;30.307594537734985
graph_35_0.25.gml;35;148;0.25;brute_force;0.125;4;True;(11, 68):(99, 95):(100, 6):(63, 50);0.0
graph_35_0.25.gml;35;148;0.25;brute_force;0.25;8;True;(11, 68):(71, 100):(100, 6):(63, 50):(51, 100):(48, 3):(99, 95):(100, 40);0.024166107177734375
graph_35_0.25.gml;35;148;0.25;brute_force;0.5;17;False;-1;3913.886079311371
graph_35_0.25.gml;35;148;0.25;brute_force;0.75;26;False;-1;56.38587427139282
graph_35_0.75.gml;35;446;0.75;brute_force;0.125;4;True;(80, 61):(24, 77):(100, 6):(48, 3);0.004006147384643555
graph_35_0.75.gml;35;446;0.75;brute_force;0.25;8;False;-1;8.39946460723877
graph_35_0.75.gml;35;446;0.75;brute_force;0.5;17;False;-1;1653.3680534362793
graph_35_0.75.gml;35;446;0.75;brute_force;0.75;26;False;-1;28.344006299972534
graph_35_0.125.gml;35;74;0.125;brute_force;0.125;4;True;(11, 68):(99, 95):(100, 6):(63, 50);0.0
graph_35_0.125.gml;35;74;0.125;brute_force;0.25;8;True;(11, 68):(27, 93):(99, 58):(100, 6):(63, 50):(51, 100):(99, 95):(44, 53);0.020544052124023438
graph_35_0.125.gml;35;74;0.125;brute_force;0.5;17;False;-1;5818.465828895569
graph_35_0.125.gml;35;74;0.125;brute_force;0.75;26;False;-1;90.75170969963074
